<?xml version="1.0" encoding="UTF-8"?>

<beans xmlns="http://www.springframework.org/schema/beans"  
    xmlns:xsi="http://www.w3.org/2001/XMLSchema-instance" 
    xmlns:context="http://www.springframework.org/schema/context"  
    xmlns:tx="http://www.springframework.org/schema/tx" 
    xmlns:mvc="http://www.springframework.org/schema/mvc" 
    xsi:schemaLocation="http://www.springframework.org/schema/mvc     
    http://www.springframework.org/schema/mvc/spring-mvc-3.0.xsd  
	http://www.springframework.org/schema/beans  
	http://www.springframework.org/schema/beans/spring-beans-3.0.xsd  
	http://www.springframework.org/schema/context  
	http://www.springframework.org/schema/context/spring-context-3.0.xsd  
	http://www.springframework.org/schema/tx  
	http://www.springframework.org/schema/tx/spring-tx-3.0.xsd">
	
	<mvc:annotation-driven/>

 <bean id="messageSource" class="org.springframework.context.support.ReloadableResourceBundleMessageSource">
 <property name="basenames" >
 <list>
 <value>/WEB-INF/messages/errormessage/errormessage1</value>
 <value>/WEB-INF/messages/labelmessages/labelmessage1</value>
 </list>
 </property>
 </bean>
 

<bean id="pph" class="org.springframework.beans.factory.config.PropertyPlaceholderConfigurer">
<property name="location" value="/WEB-INF/database-config/database-config.properties" />
</bean>

<!-- <bean class="org.springframework.beans.factory.annotation.AutowiredAnnotationBeanPostProcessor"/> -->
	
	<bean class="org.springframework.web.servlet.view.InternalResourceViewResolver">
    <property name="prefix" value="/WEB-INF/View/"/>
    <property name="suffix" value=".jsp"/>
    </bean>
	
	<context:component-scan base-package="com.nucleus"/>
		
	<bean id="ds" class="org.springframework.jdbc.datasource.DriverManagerDataSource">
    <property name="driverClassName" value="${driverClassName}"/>
    <property name="url" value="${url}"/>
    <property name="username" value="${username}"/>
    <property name="password" value="${password}"/>
    </bean>
	
	
	<bean id="sessionFactory"
        class="org.springframework.orm.hibernate4.LocalSessionFactoryBean">
        <property name="dataSource" ref="ds" />
        <property name="annotatedClasses">
            <list>
                <value>com.nucleus.model.User</value>
                <value>com.nucleus.model.Customer</value>                
            </list>
        </property>
        
        <property name="hibernateProperties">
            <props>
                <!-- <prop key="hibernate.dialect">org.hibernate.dialect.MySQL5Dialect</prop> -->
                <prop key="hibernate.dialect">org.hibernate.dialect.Oracle10gDialect</prop>                              
                <prop key="hibernate.show_sql">true</prop>        
                  <prop key="hibernate.hbm2ddl.auto">update</prop>             
            </props>
        </property>
    </bean>
    
    <bean id="transactionManager" class="org.springframework.orm.hibernate4.HibernateTransactionManager">
    <property name="sessionFactory" ref="sessionFactory"/> 
	</bean>
 
 <tx:annotation-driven transaction-manager="transactionManager"/>
 
 
 </beans>